<?xml version="1.0" encoding="UTF-8"?>


<!DOCTYPE beans PUBLIC "-//SPRING//DTD BEAN 2.0//EN"
        "http://www.springframework.org/dtd/spring-beans-2.0.dtd">
    <beans>
    <!-- We wont declare it here now -->
<!--  	<bean class="com.verizon.mavenmysql.AnnotationsBall" id="baller"> -->
    	
<!--     </bean>  -->

	<bean class="com.verizon.mavenmysql.AnnotationsBall" id="ballers">
		<property name="rules" value="There are many rules"></property>
		<property name="maxballs" value="There are also max balls"></property>
		
	</bean>
	
	
    
    
    <!-- For annotations to work -->
      <!-- <context:annotation-config></context:annotation-config>--> 
     
<!--      For @Component classs to be scannable -->
 <!--  <context:component-scan base-package="com.verizon.mavenmysql"></context:component-scan> -->

</beans>

